A,t
1.5839305309,20.1900391663
1.00696231332,3.83752985214
1.70277394935,31.2238064214
0.439312826304,1.10315367513
1.26202678398,3.58066499476
1.08558976505,1.1909765996
1.11306400398,37.1868835488
2.20642967121,18.9962259054
2.14525608839,10.6245269976
1.19626859111,36.1010133177
2.67364395878,23.9433476259
1.15620880139,32.3928737317
1.77042955085,36.0333661339
1.52286339011,36.351884692
2.33694115296,19.4726357264
2.50448001988,21.2141925482
1.04285920251,0.111806094926
7.81471123756,15.7362923108
2.49968259371,9.91765629881
0.776295307321,3.72705664833
1.34580332798,24.3034300103
1.43649539692,24.2174911494
6.71197517034,16.2232258995
6.52651212999,16.3009202599
3.08116438542,17.5093592874
1.65689678914,9.22231242802
2.02803361381,25.9338597814
1.56897835867,6.61960376524
1.35373850822,22.5941327366
1.81556653243,20.7733041917
1.37860645149,23.3445769319
1.19639309703,7.19546690056
1.38021118074,25.9876665411
2.51300759155,20.0257672282
0.733001269437,31.1306923482
1.2673028029,20.3827752324
1.43253669723,28.7565243952
6.14174590229,16.1712351187
0.597888075317,26.0229320331
8.54278458552,15.4814982919
0.978901110349,38.9844641383
1.93995643682,9.63075933427
2.99099843181,18.7755215851
0.875815290731,5.52085388531
0.402698994046,2.91085869628
0.115715152157,35.4270310531
1.34742262108,35.8522170487
1.19662772482,3.59374812578
0.645346139358,27.6133527735
1.70841718318,25.3811745048
1.91960891574,3.63945241587
0.925859636337,39.7344329111
6.74681986865,16.0861204089
0.762853043807,30.1204700221
0.631477753905,29.5052814533
1.03933177254,32.6775160633
2.27721268509,10.8103789755
1.0504970038,1.45561571603
1.75686598647,9.50275394035
1.90378505046,25.846454337
4.79108587124,13.0105940932
1.83617245967,31.0261617457
1.29344005234,33.6776790882
0.830318740609,3.95188184474
1.43727485529,39.5216039267
3.13433486883,11.7971651534
2.07690862767,24.8462298286
0.571119916851,29.7823007901
1.67252857135,4.66136715472
0.708648081261,27.5403151466
9.95672732053,14.8043214077
1.33120902272,8.50849005346
1.36304939144,22.5484055
0.77282520521,4.58625786571
3.66182750415,19.0815752954
0.368261038024,26.3153133899
3.28814361335,12.2367996726
0.323696683483,34.0438212796
3.20400514744,11.8758501321
0.872316812946,30.739829859
0.846196707746,27.1800232352
1.5121612079,23.9692883585
1.55869929436,26.1009552528
2.24262372745,6.26171136294
1.23998682003,27.6568720792
3.88515718317,17.1914259087
0.488682168433,39.2099291974
2.77384429268,10.0442953771
0.86507379041,37.7537941462
1.80120580457,20.8421321024
0.773397592265,31.517616417
3.06392609752,18.3377354782
1.15997912309,37.4773653452
1.14376294254,35.1117864823
3.58672098412,12.2440496918
1.0003047975,28.7227406434
2.48210847146,19.9475806425
2.72498909453,10.2191469089
0.989317045962,39.1218188799
3.5554771462,12.5841823094
2.00031870436,20.0811691464
8.28883154468,14.2096844856
3.2638897797,18.6342290849
0.71473555295,6.36907026408
0.938535992607,37.1174376576
1.88356969731,10.3398575874
1.25864474989,34.3440081546
1.30310777674,21.6246227794
0.767902018124,28.7519706014
1.91235411888,24.3414704529
2.19195283748,19.6560302633
1.311019889,33.6661288896
2.03825156303,20.2865905498
0.908569668077,35.0409820288
0.563860106986,28.8352238472
4.85561081917,17.5083766507
1.09485645509,29.8057944486
1.00635319402,1.85317645668
10.3462975733,14.6470794726
1.49553236769,21.9608142242
2.2335961242,21.8469677319
1.4138441904,1.07396069371
0.144088517581,33.8606716307
0.828597422847,32.8054109729
1.15597645597,30.8691325908
1.77294053916,0.856285909321
4.2679142512,17.683452987
1.16526844321,31.8211701707
2.13153734026,37.0383188563
1.24905517798,2.96055770732
6.71824679244,13.9001568097
2.62096149932,10.9178238366
0.840884127081,1.84546746935
1.01044595564,27.62327149
1.49547886145,3.83890235802
0.830200241444,27.2953640359
9.37103615778,15.1554818772
1.24485028783,35.4588220467
1.74371845097,5.89874054859
2.3624775465,18.5957467581
1.23765112852,4.87482425226
1.99128557974,8.25482594119
1.3748097487,7.88336237218
1.17715916023,34.6947526691
1.42420727753,24.6831593023
1.32168301687,0.0965741021761
1.16392406953,26.619594299
2.21773656431,10.5480319584
1.9555225991,10.1250201476
2.17128224045,0.764110919111
1.39834649049,21.3122855123
2.19699729007,20.9988776074
1.45063775722,1.10336785619
2.47078279966,18.0372828537
0.795719355958,39.8439608449
9.57544119828,14.8210199296
1.73062938597,20.9669268323
3.7825791285,12.334314005
0.805601612412,29.0191152684
0.652887489965,0.633723818897
0.921275225098,4.12201090315
0.613429587941,8.4004033968
1.03627178221,1.52413734341
1.46661257562,34.8426703684
1.1271149442,22.2651737093
1.51097333665,6.67851500176
1.49597637154,22.8393508638
1.30335759149,26.0734022873
4.3803421524,12.7673002002
1.64235577803,8.15999258958
1.77155749432,24.4507344267
1.13581042785,7.56386994807
1.8566253202,3.32361011438
1.5400963436,6.92451377822
0.986334130132,34.4301247322
1.48349590698,35.9798310602
2.11073055278,18.9646845213
0.922812126304,29.5629165757
1.80310328795,36.7342629899
1.0625070462,39.3341224449
6.69659365586,15.9035773659
9.26615336625,15.2005709264
2.61955598395,19.5109702085
1.35437077856,35.3420472522
0.917050038833,34.0334733314
1.25375505343,38.0373978926
1.64969811482,8.42679781588
1.7012848863,21.2062998267
1.37662321974,8.14565856746
10.0592869519,14.7604846275
1.05094712418,32.0034884904
1.5484881056,7.99130484968
1.36487611903,25.9735790263
2.13229844428,19.2166558203
1.34621765064,0.125662460186
0.812514190787,29.4690952601
1.43310727609,29.9583375598
1.31477186707,30.6228487856
9.44759052359,15.3368054078
1.06981535731,3.61924678972
8.95252157459,15.4743956186
1.55110487966,37.2048820814
2.4770877656,33.3991327578
11.1005845253,14.5153507201
1.53821227507,22.9381076253
1.17019949214,21.1810432228
1.00583778923,1.17029559201
0.951407899711,38.0038335251
0.916641784525,32.4882881312
1.18212098797,24.9021759298
3.52334576138,17.2363222239
1.08783311041,23.7350390781
0.668979113336,37.8281590474
4.2884100091,13.2441177752
2.16002638329,7.9639019167
2.5216075852,11.096990564
1.44448191537,39.7448113087
1.16809565115,1.72315370343
0.877508242732,39.3122073585
1.04183031085,0.0466307685945
0.229362269357,38.4761622106
0.348572140987,37.5984837316
2.33913000007,21.2623888029
1.45144059896,2.14494505923
6.32817454547,13.7333935422
2.04606459109,9.66004564335
1.26234513981,5.12756930862
0.483841032486,39.1935091828
1.23984399216,32.9526291415
2.12947631202,19.2935609277
0.60370342909,33.6538341619
2.51194529087,22.0243424958
1.78090902071,22.9613340179
2.96877194256,10.9161902378
1.65416542199,10.6681725737
3.10338506278,19.1710546283
0.870981421045,36.9597016478
1.76650934211,9.70700313257
0.776000060974,37.5856998765
0.49010916635,6.96636406815
2.4736743471,20.5204868897
1.15759494582,2.3977829705
2.87603815553,18.5306888474
1.2228284129,33.9680352816
1.84780604733,8.82466264057
1.30759138299,32.0365346884
2.38226597235,10.8993828746
2.47041870013,19.2132973359
1.98020704501,21.160025761
2.36698079581,20.0054241908
1.27605719273,22.5440499153
1.36245977654,27.5461477403
1.53795320083,9.88037075505
1.98657809908,24.1306625446
7.23345285623,14.0718532073
1.10886172661,30.7452528635
1.2540449858,37.0353877502
0.978344614215,4.71592314617
1.81077283949,21.6260619787
0.53920460757,39.323128291
0.883379682927,30.6501559599
1.82960866641,22.6869023369
1.25399727134,1.40354239605
0.798564186801,28.1667812773
4.76547997228,17.3975220316
1.48038382123,30.0801699792
1.68991561898,29.8554745569
3.60418234675,11.9636313346
11.3418395743,14.4908825851
0.984735073648,5.29022754485
1.30593227342,5.80384641522
1.9976680653,20.4706611745
4.24807016588,17.6702049864
1.57464736369,10.2037012787
2.42715244652,20.9014377931
1.41396635344,4.15773914352
1.55180889878,23.787261948
0.307008650205,34.448798765
2.45629576067,20.3826516093
1.5357168117,22.7404620686
1.20243568337,31.5809230906
0.690979474224,23.9082160074
1.45266191238,4.60680610676
1.46154788384,26.4531650784
1.54710985615,21.9462386135
1.39846859792,8.97467886155
0.983723182345,7.58488144087
2.15932661272,26.495758098
1.84223080748,38.4598933463
1.36433157717,7.65548366758
1.84507814421,9.22154502313
2.40871648314,10.904066107
1.97950721647,8.92498413836
2.06474101815,10.1593625093
0.520914371076,30.6016641172
1.90543363951,24.6204943257
4.24310934533,13.220701025
1.53064358013,8.87553588565
0.130459498127,26.348589819
6.1165051501,16.3332031039
0.949906499181,27.0655471711
0.895337645079,0.834366661455
1.05076258251,37.9903226873
3.51587210657,18.0394217635
0.946417840625,36.3894011369
1.3886610231,22.396894816
0.996169717158,6.15326247294
0.612471789434,2.89396515775
1.00995974813,22.5505499804
1.84548099627,7.97282041495
1.38670379756,2.11460703723
1.10518716552,34.6891898551
1.11704058713,3.06447009531
1.87497355559,2.45624723227
1.62706415798,26.19477795
1.13376099425,1.68205417322
1.64004474996,3.59078758621
1.81990436422,32.9868571767
0.472015604132,35.7132298476
0.561166913461,31.6450754327
1.8580442344,9.72194407101
4.49647125293,17.3468117941
1.55998726485,22.226016519
1.5262703373,29.6954178783
9.12953565419,14.2726853419
3.26924738436,11.4238083031
1.97236470698,23.2295490907
1.44341089724,5.70337887895
5.6537721649,16.4217059514
1.48070707384,0.516411320597
7.37167372342,14.0002291125
1.68288517623,22.094072032
2.56268989491,11.9617358994
1.60343296498,24.2568484999
1.06621963136,37.7589217563
1.6692485051,27.2451585258
1.76111326166,23.3191962825
3.08846022193,18.7115380681
3.69327473681,12.2896313553
1.77963721124,1.85303804934
2.25034665012,21.5378916378
0.608706143584,35.7090587582
2.63480704189,19.5351159037
1.65402350909,19.1878344752
1.46017561524,30.4570610874
0.700052363839,6.31405646683
1.18125372328,26.160203981
0.863076660582,32.9713301519
2.86870003632,10.6777874243
0.652695344465,35.2299775098
1.48419780182,21.9813133565
2.62546172568,18.7027841339
3.30612740754,19.4314626654
1.23325008647,37.3212607906
1.05559669247,28.8884004246
0.924193079483,34.892626686
2.02718337949,22.8910721906
0.695542611564,34.7617110289
1.35833769572,5.91536354755
1.43950398333,30.0494700458
1.98924263001,19.3908104015
1.20931842637,5.25462846701
1.58943461918,7.86062968337
0.864629584248,2.31636312292
1.66225467894,3.98948362887
3.51761546579,12.9800325545
1.74568732551,8.73159217086
1.7218237477,20.7069573756
2.11724256077,34.08397297
3.37537306574,18.5349642739
9.56566208039,14.8938517928
1.34615760165,38.2357224786
1.7826338897,25.2529558162
1.51472965921,34.1683021737
2.01177168098,22.6454906954
1.13134781688,25.6014821696
1.9828099473,9.75297469094
1.07887783768,38.0315572221
1.34731623354,23.0581274671
0.659656334021,2.3373001531
0.469104705064,35.5974019751
3.82098111812,12.5862163496
1.11182800825,4.44143492908
2.19956437614,4.24204626408
0.624533935134,0.234649469857
0.731387976189,29.1359329499
1.19070282374,30.0315594664
1.40613778145,33.4717626349
0.276347142765,34.4582564492
1.33982517274,36.5575138963
1.5106754633,0.488051556373
0.725242505342,29.5015679405
0.810033630887,37.2174603125
0.984851059501,27.9236082811
5.80535888322,16.4344383821
1.53610321241,20.6414201431
1.63863595871,23.7762738346
5.32511784411,13.7187359343
1.35607534541,2.51501413795
9.16832266021,14.9215315274
1.30919548176,4.21031175173
1.2582611702,2.88347698797
1.80456656592,20.4149208267
0.752301877048,33.0965586782
3.83338036703,12.7404162711
1.90787039607,21.7077841185
5.16131511678,13.3443401785
1.00688893152,34.2573256919
1.54106072441,1.49497799814
0.91596210681,32.0499240854
0.64943558568,33.8601227425
1.74124396857,27.7250446809
1.72266975256,7.45812937755
0.753942749774,2.75431422301
0.790658801049,26.2573808997
1.78685758443,9.02820821598
0.448642310072,2.16099716095
2.24281631751,8.82426405403
1.99753618119,9.69267423175
1.40153841399,9.18382736654
1.39401169507,3.69542272202
2.11921139895,7.17703725742
1.5789796021,39.2892903049
5.62678817527,16.2813690242
1.00922783282,38.6037235407
1.32914142221,33.530205227
1.53230776815,6.88563133311
1.58478601941,4.43624912334
9.82555236599,14.84197106
0.896812737784,36.1933971029
3.72952705114,12.7622628673
1.11505456399,7.19875430663
1.29395661009,7.63842006979
1.16569802175,37.0573131501
1.28193617232,27.4296740828
6.15188651255,13.837650271
1.45603054166,4.13395723193
3.4314074171,10.6522780404
2.24571051581,10.5814794667
0.972501187977,35.9336924986
7.88822790857,15.7578358584
8.85105033957,14.2613146812
1.88269764968,19.8441269738
1.59322751001,8.32632406352
2.41216724419,22.8854005293
8.16083739001,15.5982220877
0.66798541308,31.5635769293
2.16231931362,19.9129643679
11.3773562577,14.4291397488
2.99243414648,12.7800119646
0.395596006317,33.4024940935
3.22697402309,18.4467578047
1.62325520211,24.6252025041
2.02006825575,19.9973578277
0.76252409823,39.9895838142
1.49180050989,22.7888314328
3.61021717808,17.6025516698
1.56216585236,36.6534659265
1.38574596987,25.2043077757
2.51270726829,8.31300926878
1.61692783565,6.77763136427
2.31850356308,10.7647225525
1.39073380109,22.7732180151
1.55201280789,4.84291475581
9.47810080982,15.2338304939
1.72249309944,0.328180844521
3.46425114153,12.5031014554
1.34524638254,0.590184225259
0.785270153214,36.1634737811
2.01159244756,5.9406561223
4.41862657572,17.0217281681
1.39226484888,22.556231017
4.38773249784,12.8253759496
3.21772166278,19.5870176327
2.40239704877,19.2548230171
0.621970779917,33.8059117278
1.59975779211,29.2453596586
1.85401583597,4.38310121254
1.03185104652,38.083801767
2.62273393026,18.6174130258
1.50586099618,3.7298125645
1.44473379108,7.63172329171
1.25635716901,33.6371461077
1.50533923266,30.1195459321
1.39628378862,5.10855849035
7.94500441893,14.0780695596
2.86159647697,10.8178541178
0.992440315955,27.1903194947
1.13160075366,3.76353882259
1.19223478829,28.5261265397
2.59024372956,19.7188124176
0.67124674312,27.4534452018
1.08336728174,0.400671686531
3.78383412045,12.6793305532
1.55888107469,36.5213330132
1.15589038031,7.47717137158
2.30976722027,9.51065104099
1.15486383243,23.4513179572
0.63195804989,33.9465202277
1.67106316485,8.38856795418
6.87115493328,15.637017815
1.52455584393,22.2621133225
0.702990150139,37.8411359927
0.575145149464,38.9800224477
1.0088435596,0.146702512663
1.18740107665,4.66517893754
1.26579203848,39.7903122083
2.94695067938,18.9714985348
3.02554012253,12.0626982167
3.13831358281,10.7912706278
1.26563408951,28.8241541957
9.6829407685,14.7014355099
2.55413006674,20.0868354274
1.33194138531,1.99761151963
0.807108908816,31.9745466828
4.61217974274,16.8193032255
1.99341976716,6.34266695146
3.07153606664,12.248662761
0.719651428536,3.97449958638
9.85905844575,14.638989879
2.19461585632,9.72098053811
2.48965297932,10.9925665853
1.81232486847,1.65940817471
3.43057080576,12.3844774251
8.10961026265,15.5673916856
1.06882123927,1.01543973446
0.874199440824,39.3043560511
0.896228245981,3.14396467319
1.55325038713,31.3750358795
1.66484561777,29.6262243301
3.48697601141,19.4519998856
2.41606061477,10.770037567
1.60714718871,2.94858112531
1.143508722,29.8289326752
3.32836263845,17.71705554
1.77210852626,2.37861953297
1.63619221589,26.2241392038
1.30755569398,28.6526309681
2.2812805998,9.73666912173
1.45926034561,20.2345163427
0.898583071131,37.8564287192
0.705357409269,27.2888896142
1.70800772999,10.2954691487
2.15177630873,10.3102311389
6.30582495737,13.6556870373
1.27741458936,20.7462692471
6.28943943646,13.6983584015
2.62778078172,8.44852065221
1.47269547642,7.87384199771
1.45163861111,3.35650759565
2.52910388732,10.5006702645
1.7583409355,10.8101252205
2.11007574519,10.6263939074
2.14211574651,10.9824596064
1.69598286819,9.15034100573
8.29176646943,14.1627824007
0.81468569353,2.21165689067
1.03683312032,24.3009806798
2.8863260843,19.1301840619
0.74968468312,25.4779194772
1.79915462776,9.36509298044
1.21701836795,37.4741798629
1.31656829716,30.9820884733
2.00162924016,3.49370511585
2.19613841016,20.1805892863
0.820842908275,36.4902647042
2.9220642483,17.9865224405
1.65560565272,0.486253255551
0.83380439265,32.4109069687
3.48306435017,12.6315720962
1.06435187817,5.25942010102
0.742948184733,3.63947243238
1.46016014357,37.8249968302
4.34028380034,16.9074333365
1.55285872523,35.3302606313
1.18895283801,34.1310881134
0.722763729898,39.3218256025
3.76641899272,17.0994365343
1.4779577499,36.2599719656
0.529492817872,36.0714333899
1.60152237554,35.7219762376
6.63697003821,13.8173672744
1.27775355189,6.92471048069
1.41614250073,33.9931271415
1.31860582869,38.3790785953
1.73961340286,21.4927946128
1.02906173827,29.8968038419
1.29550008478,3.78066073591
0.382267813045,37.4583748683
1.20483196491,31.5271880765
11.0305954298,14.4494768764
11.1132030341,14.4221639933
1.76656298423,22.1821261594
1.24865174834,34.9578722287
4.78314613879,16.8231311688
1.33438852173,1.84082517417
6.41684854497,13.781495951
2.30899704199,21.0743194816
1.92691289358,4.7912487977
1.7407296653,10.7926287429
0.63470410414,37.3239363703
1.92079051459,37.8946737442
1.75719265071,6.3783702308
5.14960820271,13.1622128712
1.55125390474,31.0632374605
1.7750403032,28.9415053106
1.45635216214,6.92546026089
1.18127109778,37.7705823734
5.75779627444,13.3872632335
2.19358788256,21.9622278476
1.83888107167,10.6621354698
1.89210984602,18.8593405608
1.61127734585,23.6420981274
1.59865672093,31.5846480746
1.15096046362,7.03582560601
1.40284684843,2.29211758419
3.98423307484,12.3554155877
2.28900638123,19.577982181
1.82738915534,19.282947404
1.41549724468,1.99339344534
1.17923638427,23.1739048967
0.382803365856,30.3409624333
1.17956437455,0.703304069959
1.8406133997,30.7178147862
0.642314148487,28.4397566105
0.440691808865,30.2912532114
0.876329473022,35.9976836332
0.79152233213,28.5043307331
0.450833448682,39.7082305122
0.888772097581,31.430439277
1.41573065884,8.68118962351
2.79645890014,11.6592115038
1.97995245951,4.97360925074
0.967424997788,28.9949788467
1.71103125567,19.5661141423
0.655052553611,2.44403421938
1.18321624802,2.24671996867
1.90805992969,5.87780104596
1.46721698489,34.9889525374
0.993337235398,33.2281906197
1.88221640246,10.7386025966
1.16545176163,25.3151043516
1.17222640965,38.0371924552
0.904080339962,31.3083318021
1.38996438184,4.15390527106
1.61861954367,9.29060253017
4.34199802463,12.8598371696
2.11256851359,6.33546473866
2.55119211465,10.8651039822
1.17465434295,37.0602530917
1.61483635472,24.1085539927
1.10953771269,0.893815024458
8.50664804294,15.601018015
1.39235182487,3.4051623632
0.621197564826,26.3593924498
3.89280920553,17.6701400692
10.0023089944,14.2913466692
1.27949101844,30.9783772719
1.13988742843,32.6765955848
0.918563463103,1.08879967091
1.27043477663,22.6647012033
0.925596131572,32.8165955192
0.863777420474,32.6042617417
1.16280276367,5.71472832637
10.1047477832,14.7750397686
1.39012607316,30.2803827072
1.59097312845,28.7189345054
1.30118858366,2.71222250733
1.14472429239,7.26276767791
1.62172389929,19.2895879524
1.53673184556,28.6565344128
1.64226167585,9.2360932156
1.17594112891,4.46828680168
1.20923843419,5.40472778376
0.804875315691,22.2479081477
2.29263215367,10.2143680358
1.90747520837,7.2644063076
0.768825098861,38.2215172029
1.19420375086,33.3483442631
1.67544207717,32.3964658315
2.19019769721,21.3999211303
0.921151045921,26.1340045056
2.92867844746,18.9413424306
7.28847047999,14.0183509845
1.51265698989,34.2706620325
3.80704096913,17.9302413292
1.06526017465,5.65441715971
0.73874431695,39.8800969011
1.15102217526,3.01223551719
1.01242009163,32.4633661843
2.10683455043,9.08640914483
8.80174281589,15.4238990387
2.81538644749,18.6943985905
1.11699264324,33.501735575
1.09516811725,26.9198952159
1.55076949389,39.5190016576
6.37553945083,16.1609752188
0.519532991763,36.7631679869
4.30671063679,17.1242404864
1.36009508849,19.8327585055
1.2071111425,36.6726222644
1.68336469559,21.656930816
7.76630249364,15.8628760417
3.40007216024,12.7962256562
0.71735931786,36.5275133115
4.60492162658,17.0052019133
2.65233069317,19.2972004283
0.887880729051,3.03003017811
1.08047096762,35.7104254453
1.59014112048,22.7917122014
0.803026153375,25.6717817058
4.15202157726,12.8926915546
1.67466941691,32.3028657163
1.01352327191,34.7328792787
2.56041822279,20.8680361872
1.13944206809,33.3552205353
1.00502774721,32.4728276476
3.01081605426,11.0033913629
0.713397682253,1.93761446967
3.96559636624,12.0477277554
1.52527742051,4.17025520909
1.80300007045,31.3884163495
4.69431030654,17.0427780281
4.12598977354,17.220132213
3.29764512542,17.7490834703
1.97117021219,7.68177112735
7.80194531755,15.6747832098
1.74698997485,4.47065939541
0.936037455289,37.4363997937
1.04348075854,0.140715691872
2.69075212037,11.5777854582
1.79224829443,20.5718359713
1.18079104561,34.0017799358
2.04599412395,10.2580419105
1.01071524997,38.0590593669
4.61891236355,16.768639378
1.56169639626,4.84021622664
1.2852776661,0.500889861824
6.2183694834,16.1820620742
1.85168593463,35.8770358316
2.1444229795,7.41146870085
1.26372433795,2.09168458138
1.06999808036,37.9594287958
0.590413201986,38.8242610936
0.246084049329,29.9298878396
0.238187113918,28.5264302614
1.20018435448,4.33553843659
1.260561597,7.89743799186
1.03096399883,6.96107033827
10.6918309756,14.3424483453
0.8398123225,37.694058811
0.893467722564,32.466016263
1.51603530743,25.6013139686
2.40186365709,18.546991937
3.32601569411,12.1928083836
1.07156576212,34.1685331538
2.53728434156,10.7170303401
7.87605731716,15.551936186
1.64279267298,9.84973680298
0.924447152144,36.021549032
1.43225875917,30.801107138
1.50277978366,19.792664951
1.12136813437,33.5079048403
1.42772391682,25.7924185018
1.28572622174,37.940549291
1.76544829966,26.8787913044
1.03941642811,28.8185619761
1.14338255641,24.7650556283
1.34270717045,28.8502861994
0.892764134022,3.47378587526
1.65854624303,7.83019950114
2.01973757693,10.767575568
1.60555816255,31.4996954197
0.631932412524,4.05379278012
1.57777048906,37.2888376497
9.00329448657,15.6483141495
1.75174027595,34.0400095654
1.72094527556,20.828340077
1.33918118353,35.1649702921
0.638802703369,27.9720507132
1.2276662686,5.38073756656
1.73745911314,24.5862694066
2.27369809056,5.07772013855
2.05380111766,22.3117110418
2.53696728941,11.5031729573
1.53322760256,25.9880410218
1.13442464028,28.8000792161
3.47370616508,18.7892190662
2.15906249155,20.2893891892
0.889516632343,29.1534364302
5.40303054416,16.6954962905
1.11989977578,26.7728125464
7.38499397338,14.1205544126
1.44412167664,5.21015218181
2.6209655797,10.6282064814
1.19587723463,33.797031811
1.86266967304,19.6272442693
9.31268190525,15.223759836
0.625248135211,37.1539912212
1.29162805593,4.60305487824
2.41289871637,10.9753923106
1.0186038795,0.178458354391
2.28733410952,11.504448381
1.39423506705,28.6988580095
0.826307757139,32.5436297097
1.90304684837,3.4924531485
3.09343367157,10.6868440029
2.53289017736,10.5958859855
2.04868406923,8.05440516765
1.71181419475,24.6339462227
2.54664530654,19.8685962645
1.90115844564,22.2733646952
9.26016417367,14.8892603826
1.21889078318,7.78148048567
1.17969326633,21.5503794779
2.01990946224,8.22063079584
1.19100792739,28.0166917373
1.26961257406,30.4533757596
0.552822497917,2.6634695216
0.822892488115,39.6971318885
1.86545508896,4.78368480491
1.30724298313,38.242355864
0.904293675998,34.4202123587
2.06868271606,22.3722483469
0.516907603566,26.6485273435
8.96537529063,14.9053566563
2.827005884,10.2885719011
6.35018741386,13.7369516249
1.39326389425,26.7180822319
10.808707874,14.5027827377
1.9769244684,22.0215120389
1.34553483723,38.9199331671
0.775457264427,24.3150193797
0.576777852815,3.29503987092
2.89187381942,18.7583310079
3.76107673729,17.4849518645
1.43448980927,38.6455886236
1.23338121679,38.5016710161
2.01397478337,10.1997304476
2.31671740069,11.5714805001
0.869339316726,31.6609588312
0.795646329543,39.2680929822
11.4449346406,14.4818083978
2.58988118553,18.6264160445
2.05553962896,9.95700064379
1.1043491741,34.1629756861
0.911516131316,29.5378790512
1.42836905758,25.3244334267
1.35293555752,22.3518075815
1.3390981505,36.2516211675
6.09121793484,16.3642986414
1.8898436495,39.4248128464
1.49786000983,38.1458206574
2.82450298947,11.3393778424
0.841904793462,39.6240327991
1.31482184399,4.88397445294
1.20991445691,6.33639676546
0.569867093549,38.6739213605
2.47045382337,22.6689040919
1.2978477556,38.2602104066
0.985356761909,25.5826794273
1.21352024727,5.89179367813
1.42192628869,9.82218955394
1.32085237414,31.1819515981
1.27779983418,27.5915267521
0.970890065826,4.41252323105
9.21285739544,15.3724080214
0.989418317983,38.7829610666
10.6334902263,14.5857351116
1.85438379008,36.3542555184
4.11911239862,16.9946112808
1.79472298523,25.9224447387
1.50727739643,24.7052830427
1.03955458377,25.3753313582
1.87305725179,34.2902207846
7.08172967892,16.0928427076
1.11998647735,6.85735622878
1.31935608675,28.4145661152
0.774031668222,34.1805132
4.05020804588,17.1475655683
1.76819739662,1.12105942
5.43346010017,13.4578621546
11.2023862165,14.4896405185
0.372169386371,32.5415185793
0.830769649207,26.3845174961
1.90496594179,4.40734973345
3.15467451816,17.8359654349
2.11806530787,10.0379671869
1.15631240546,38.3102040204
1.43216626558,26.2016425634
0.583813966482,30.62341237
1.30775269861,6.45389386021
1.60538311286,24.4596923469
1.9666803062,23.528462911
1.2918023029,4.1645663175
0.434069173986,26.8173557127
1.32174673575,30.8847217848
1.33992416976,27.5420455244
2.57977888786,9.6391213331
4.30685248629,11.8104737844
1.11709314755,3.37323459881
1.54904778023,35.051766068
3.49613293043,12.2861378002
0.4161683145,28.7885635614
0.948863165896,35.8157125413
1.09011224501,31.5967119943
1.22045785463,39.9830487109
5.63778622314,16.1617538661
0.730901652278,22.8295173416
2.23566473936,20.5058543216
1.87707874461,21.7466392469
1.38380209399,37.5148970696
2.85360648791,19.4745049794
1.12983073812,23.6192203601
1.22274167419,38.2309171358
2.65037994596,12.0334119303
3.62750398515,17.3465393933
1.40733349229,23.6686256341
0.626326364065,4.84809481835
1.01141428977,26.457147647
1.59567643831,21.3875432199
10.0818431206,15.0273188704
0.93005165116,37.2423557091
1.66621564725,22.2507302365
1.77448089915,20.4619249187
8.11568336008,15.5794258064
5.60061580984,13.4787347578
0.712367462059,33.9132246229
1.87847087808,23.5833133542
2.27345991713,6.18255727318
9.47986536812,14.8542955038
3.14994833767,18.0198469231
2.25570711165,23.6696333323
3.40054915459,18.0451216733
2.61277662808,9.35456851556
5.60530318292,16.4759424377
0.874010173214,1.80318326471
5.27692920044,13.2995101533
2.24653665983,19.5441140725
2.6320811146,10.4311519934
8.53121809722,15.5014201414
0.948628315637,22.5131541461
1.06884973894,3.66584480161
3.614716517,12.0944730495
1.11680232575,4.32201385805
1.28778391424,19.5932133028
1.66579651664,36.0872659965
0.734752314657,33.1310461353
1.43459908625,33.5886723297
1.33378865731,25.3375406364
1.59868406202,31.1508886114
0.850661020733,30.8011798515
1.94951234004,19.445661714
1.88281411646,36.4723448067
1.66845486146,29.0142373002
0.973070965692,34.7255497233
1.75918566328,32.5017813763
0.817577481667,0.127902626389
0.850789566474,29.5200559885
1.15526789052,32.9962919533
0.588136781746,27.4035909508
1.86248516097,0.308437839878
0.409516741332,35.0069068336
1.72327056801,30.1646034464
10.8162285892,14.4671883784
0.98752376136,1.15430070858
1.69518431117,20.2972098953
3.4410432494,17.5364912629
1.07831922729,32.6575304378
1.31971121049,37.0286589484
0.825980514183,0.844775738166
0.650269917048,1.07000436356
5.25636405077,16.4223618968
0.717727420569,3.57503280071
0.982714048832,7.18770651438
1.01136791544,33.9025040345
1.14951468082,27.8981556181
6.25611572419,16.1609946357
1.20780630262,22.4679947418
1.64168935348,21.2575007324
2.40932325138,21.225988425
0.668728455162,33.544746422
3.6622705014,17.5690398273
0.738887194517,37.1214436728
2.29121214995,8.54663312465
2.62440730057,12.0673827233
1.37902815002,23.617996396
1.17376186841,4.82340692286
2.1562872744,10.9351219989
1.23254921872,29.1961276571
1.41010514782,3.43306271901
1.64221567847,21.2893927546
9.98067306567,15.0213030815
0.30556640001,36.0805049646
1.72116162176,35.7006864478
0.99033611868,1.46468047628
1.53903466638,7.65480376712
1.59027810248,4.81272544433
2.50294152663,4.57309602034
1.62197253858,36.3087806521
0.824588475665,24.7889005298
1.83271270986,26.9427735951
0.979779450802,21.4621442541
1.09166124976,27.6744397696
0.415398788495,26.1208691999
0.956944191818,26.0003270224
2.1363389282,18.4854811725
6.71455281971,13.9251744683
0.740937871342,37.2919658543
0.799041227535,33.331060803
0.474401697347,36.5076372194
8.67787928448,14.1927320882
1.07407550101,34.2158176792
1.61928511725,0.687887286435
1.91792720792,30.2801492879
0.783885337227,30.2810548005
1.28540245726,28.0593701407
2.66696485822,10.8127667571
1.49090855056,33.9405195278
0.715314553028,38.8211059562
0.690804933864,33.6623188132
7.52832970433,14.0232650155
2.64705653512,19.3052431943
1.21414607269,30.1269386505
1.84326747886,35.8490881446
0.765335635601,30.3028514123
1.24214626337,3.06988278671
0.929185784812,37.7510543339
2.01833133984,9.72365706032
1.74963751412,36.2219539785
0.873523783231,27.0443702744
1.15404111619,7.69687488108
1.13437503157,34.0435918387
0.435003215445,38.0114709062
0.554804427784,39.4881397054
1.10378669171,2.82950572796
1.28413679051,32.0353101885
2.20085068534,21.3075398908
0.854247218574,30.2614254642
0.783943745431,39.2818434477
1.55405583398,7.88990609128
1.11906825047,35.0197957425
2.42560304873,20.0240484565
1.05659200062,39.4329426274
3.50093107612,11.4902340959
0.776089217047,37.3267142247
1.65753724232,23.1098025008
1.22460050299,31.5258615178
1.8143625269,37.6457133298
1.69797822315,33.2235964198
1.94626671163,21.251675173
7.11061271538,16.087863731
1.33138476491,30.0996463087
1.46815323803,4.26695021489
1.09599052853,33.7899549036
2.91756051363,11.3684930913
2.17140426013,19.2614392566
1.77071387507,2.53820442793
9.05179238409,15.2950936383
1.94824548956,7.77694939901
4.28096522558,17.1932730434
1.4791696069,34.5003758508
1.43244697773,1.04410359541
0.890415551762,4.7579762952
1.01970938697,30.6123618311
6.17689943555,13.6036732577
1.32324874228,35.2612214932
0.842859518826,34.3416371605
2.73574294727,19.0285505417
0.459210005233,37.7682470511
1.02880372333,2.14283851227
0.406381473646,39.2290068201
7.80739366138,15.7788496127
0.786027999096,5.05723655314
1.0473302583,36.3834323969
0.957643356395,3.60777907252
0.0610219316683,33.9031152318
1.02404240557,8.02621485997
1.07165454417,2.28143609525
4.18402893026,12.9795763946
0.356751087103,33.1562904252
0.568199560647,30.2685166337
1.75939088287,2.1009077685
0.882034162009,27.3343863651
1.37360676582,20.5143050549
1.47583348487,23.3526970739
1.51578275982,24.0331589
0.191826637731,31.3593704959
1.94443740185,22.6126365291
2.48973490747,19.5876756016
2.3022025502,22.8254137847
1.376432315,25.7110594403
2.03529644885,8.41108468019
1.44549520256,21.8964140649
1.36800746238,5.00105485692
1.0758496121,26.6772280646
9.01055732297,14.8377330034
1.50383751138,30.9836546689
1.19038455288,30.3721252892
2.02582941026,0.114537661664
1.31626880448,22.8366911256
1.10646472085,31.4136975188
1.40482484747,35.2398719565
1.64806830219,8.33858855546
7.76919261741,15.7511753085
8.33688939984,15.5001812219
2.28872718098,10.2439166625
0.929716507081,34.0639965898
0.907179814191,35.0259986249
1.37245623614,31.0231507142
0.248201528745,29.2641674812
1.38044116059,29.113768168
5.41321202913,13.7097482663
1.2597404323,31.0524378778
0.875433728999,36.3992123719
1.1823081681,32.0862959107
0.875571407552,3.14365343084
0.965622477251,32.6379997918
0.985475356153,36.0403962571
2.32494397777,10.4302611722
1.07308873373,20.9373212297
2.47820427663,11.0328912559
1.06123481675,23.07078744
5.59582587924,16.4105436536
1.86912350698,23.3033506591
1.00262390334,1.66279696899
1.55090822471,7.76621944655
0.706848434557,30.7724576085
1.46337910851,2.7084126475
1.36849195457,28.1292289165
0.83556000668,37.7522798108
1.27129033058,22.3498699769
1.47478298125,20.7292795215
1.21638736297,31.3773861714
1.70553002105,2.82075516201
1.18781585323,23.0215325597
3.68121926834,12.4631104365
1.96711190518,22.4471780068
1.07372844064,26.537783639
9.94410589752,14.8601883145
2.51507477846,11.302103182
1.65019034308,21.5227990497
1.38406912783,36.0342602112
1.43992760388,30.5527218583
0.971035371123,26.207058151
1.22179486758,28.6041963407
1.94478704345,9.93434959395
1.25211618234,3.50178400488
2.55763088904,11.039822207
1.53762559958,32.2689145398
0.219014931805,30.3311202212
2.30279267322,9.2996474331
5.34864383447,13.3809711539
0.369868873118,32.9035783724
0.945634546671,24.7536400617
0.670009759736,39.5478874516
0.636452190452,2.00633529395
0.763626713993,34.4038597011
1.52314480649,30.210487921
1.33656583146,31.2305919389
0.973775199645,28.2489401933
1.27508487004,4.51485422405
1.94007208093,22.9358522477
1.73751785732,6.9669963512
2.07365943897,27.2842418837
0.67149578977,34.4526571435
0.918942990999,32.9916463186
1.40459489861,30.3667773643
1.60596302008,21.9399774412
0.979373215752,37.1522197277
1.43644703602,24.7415941229
0.975718758029,1.6393028889
1.96825368398,1.44934664548
2.41612070916,19.6364273863
0.932207461026,0.647750787387
1.43324885478,24.8481257001
0.809026665863,28.9026689194
4.04852563816,12.5227406915
1.94310605256,9.72033523512
1.34605018665,27.0614657655
6.24171280615,16.2087046509
1.36420073774,24.98358539
1.66875449187,8.85036865641
1.92645460252,7.86476168341
5.6284308471,16.475348568
8.48293505556,14.0823787953
1.64201835868,4.99399121024
0.68293678415,31.435353757
2.53445646454,20.2568325311
1.59670353964,27.1094048305
1.45690422417,7.64247644453
1.20849246855,25.4765137446
1.24164617495,26.5535897663
0.788461094244,31.6027420028
1.67293065452,35.712920366
1.78169843742,25.0334246563
1.63785884013,4.00706178436
2.68057841892,18.8299848776
4.97024058684,16.6889997761
1.5500689595,22.7856262326
2.12457882441,23.8362882076
0.345454293935,39.9598004877
2.22558517323,10.0519580052
1.4242210099,27.4103823197
2.00266942534,9.17917214752
0.587462633341,4.87514665072
1.48347842324,23.812108775
1.58110518698,0.728818932209
2.42283153002,9.89998134542
1.22829707022,33.9017401006
2.51561052056,11.5332848175
2.18952110597,20.5143856421
1.64653401602,7.12242721539
1.46091488743,35.5909608485
3.64318266036,17.4959918082
1.66911313308,8.72868567902
1.27783586812,28.1140290231
8.79131781888,15.1801778997
1.61107780105,19.7154001199
1.56010453455,29.8344402009
1.81456061486,21.0356652177
1.59376395454,22.5712308103
0.873370359774,8.44330038071
1.47856649856,25.8465019512
1.65571299449,37.3159221313
1.43841461673,7.17946124076
0.777706313647,34.2823029835
2.02815909044,8.17461888655
1.75444159311,29.1114643841
0.91651587333,4.09029679679
0.535249482816,4.13385374946
2.06616187127,18.4618849848
0.95787270176,27.2621386748
1.99996042239,8.82668734385
0.500177704999,0.370061996815
0.937090739123,23.0651361933
3.6438820113,11.9012161931
5.83805202489,13.779528362
0.909685597393,32.9757318909
1.71248575433,20.6304403029
2.48227301798,10.0582415985
6.96460275066,15.9311278341
1.33118078445,25.5092616324
2.10004442695,8.61073994384
1.43025948039,6.41099062719
1.36486865098,26.3059503239
0.933829321016,4.69882109987
1.76161308751,6.49978664397
1.68159691075,1.3383014257
1.1893542666,7.33415929275
0.500290837118,37.2352242401
1.29193722481,34.3976344622
1.1891235432,39.7501212291
1.25528615972,0.700325089178
2.65116645633,10.2843630694
1.22584160405,6.01597263878
1.13123884178,33.8978802644
2.36277676986,8.21686183218
0.857380335979,34.9554354427
2.1989078524,9.65512200627
1.59382981503,0.576178210521
1.52217749582,0.820771220822
1.20770406705,37.032161174
2.88908012157,19.2459796857
1.44290801826,31.2935252309
1.57747020789,32.9055983687
2.95543660978,17.8275088337
0.805899967195,39.9273964752
3.31789685647,17.9612445602
0.55480935173,31.5204086193
1.07265583534,38.4102659285
1.1562191661,37.7681962201
1.11535383793,31.2368186692
1.88373943023,21.6699356649
1.44567168013,35.7337869768
0.9755740349,30.1360112562
2.12408466273,22.3964157185
2.00283272412,24.580378085
4.04715649014,12.5216510167
1.19079392034,1.82924044083
1.91737506317,9.76883828799
1.98988903137,22.7341641851
9.48894185119,14.5934005819
1.79211114983,5.38412646212
1.12977544455,35.7784191157
0.783239739486,5.39261865376
2.68238738851,11.4934242505
2.58328643653,19.4019603803
0.697983627542,29.2448059551
0.529236820888,32.7882519752
1.26903302342,36.366116348
0.987227087909,3.77465912226
4.45828454665,17.1270878563
0.537583841351,1.66606802067
1.29270355704,34.7391055159
1.97125883977,9.63411212611
3.51749564402,17.8949593986
2.20379471014,19.2504754914
0.965467818687,39.3112388778
1.2317800495,27.205941955
1.53582773782,39.3656517695
9.67398458461,14.7259938406
0.0880323729191,4.3558653015
1.10550458925,35.6336688269
1.19053542598,33.8802515689
8.4609962963,14.110685066
3.66742920528,17.8040120968
1.57457407963,31.5649460416
1.43833892618,34.4317824178
0.491733393479,23.0256937431
1.2180409262,36.4113431301
0.461015080141,33.0342892196
0.822850693297,35.0339806711
1.099278438,4.36616048828
10.0021202985,14.3226062836
1.09456054931,24.8577170593
1.66997183669,21.1368405871
1.43678881455,7.56832659668
1.41137097043,3.42953582729
7.61678525244,13.9639072441
1.53830158339,6.09961200931
2.77388404036,28.4507762392
6.18987518547,16.2018747525
1.45364864167,2.86461565597
8.89564085034,15.0247929054
1.21055464043,32.3635946596
2.47617508164,22.9989898677
2.37633492833,10.330195456
2.28446642593,7.45944751357
0.87710466828,38.5719181299
6.49983427119,13.776799998
1.84885947154,1.90190095408
0.521742343498,34.888097225
1.99437276407,6.05046597848
2.15260322308,20.3115637749
3.17816550153,10.6451380727
1.38470131515,36.8520000563
1.31187135301,27.1730948112
0.712808157448,29.7767303885
1.84915393283,22.1290562815
1.87847928705,25.0550823087
1.86504580167,20.4172422583
1.82224801378,8.69927639025
1.56829447906,25.2462858131
0.731815482877,32.3409881819
1.10947733136,22.383216193
1.13966716944,27.2119404091
1.29098371443,30.1995324842
1.01949024361,29.0750721474
1.62499339536,22.8476595809
0.783761838735,36.2244114611
1.39261274581,6.7077114662
7.39167365437,13.9657089183
1.70207131607,23.9081409486
6.74145922153,16.1078215077
3.30302994934,10.7416066932
4.25765105082,13.036631786
2.10065295665,11.0614245125
1.05762514228,8.5960390205
0.940137638501,4.62032790468
4.17027402892,17.1430785651
1.3851613928,6.24034163047
1.00212949454,2.91563557273
0.876727890612,37.7397870941
3.70383364901,17.7925524613
0.766781612063,31.3154189568
2.11961594308,27.4511316592
6.5931629674,13.8678500934
0.715852732281,39.9684448321
1.47257285937,7.90354626227
1.80634422528,32.3858831056
1.75875256833,24.371279505
2.40597352852,8.05671273932
1.31832243243,32.7495617042
1.34381723732,25.1625055686
1.00202371416,6.37327640935
1.16367719641,28.7819730404
1.47866369142,3.85047222826
1.81152303101,6.04826255987
1.56044549828,26.279903244
1.3414668301,29.1521818172
0.658924386051,31.401756629
2.14690740703,22.4612094577
2.56933591054,11.6351473799
2.78997625779,10.6684432907
0.430555236602,35.8910214605
1.66368626994,24.4788501853
4.19985301003,12.9432986365
7.85214393435,14.035419139
1.26694721322,25.2927344778
1.36199967392,32.9780717109
1.52815848483,5.07332630912
1.94005917658,7.85789192898
0.916531100969,30.5813361344
0.88538576143,24.6718154952
0.507053089023,28.3311157785
1.00334141508,1.08730725073
4.47788761837,16.9426208588
1.23103472299,33.297109652
0.506601863674,38.0018120532
1.09712481697,26.7077145906
2.34007068269,10.7599142707
1.73231720459,4.28793513771
2.127482144,8.02483650394
9.50180770947,14.9008687662
1.26731779423,34.5204066557
1.75798908002,35.4536299159
5.91112955424,13.6507749302
1.53058977837,8.36718406573
5.2100465674,13.2893196569
1.3352150514,28.8629634963
1.35122732497,0.783677048474
0.837941396647,31.0386711216
0.877472314265,28.3889185658
1.54315554356,34.2552405823
0.974428688134,31.9460128007
3.27299940674,18.2124198044
1.21560845668,1.19759359332
0.656201441911,33.2250422217
1.37024637732,24.6137991998
0.473803780323,22.9377762704
0.552450186655,0.98220677882
1.51017235824,26.1907941237
1.4353366105,8.92865400314
0.926745231727,27.6478561556
0.505340599438,33.5324260107
1.94967014362,25.0629855756
1.44425984548,21.2033188235
1.21867594902,26.1022798707
0.618831068822,0.324972707776
1.34378719537,4.76731953086
1.22939461938,2.46856501966
0.704449971246,35.7278802605
7.56710645943,14.1192691029
7.3972270223,14.072551376
6.26972225677,16.4621341849
0.518695845105,36.0922768414
1.36571461132,26.3972804493
1.0312193014,31.2258393794
1.00399619251,26.7397461211
0.931171798328,37.4713305006
1.55112017156,30.1603034891
0.926612561946,38.9582883978
2.41075568105,18.8082994836
1.07742883413,34.4231326771
9.1593926126,14.9233911786
1.6528510401,30.1573886429
2.54922545606,9.84869833118
2.19086644948,9.246601072
0.716519940288,32.7151967735
1.34923731495,8.25145312822
1.0663367252,4.79110637683
0.779365893709,37.1861012793
0.979252967179,36.5722044061
1.68525065563,23.9369003468
1.76338102814,7.06784561106
1.93878623706,20.761611992
1.05604976858,32.6868459007
1.35021865542,31.5063979866
2.00467651963,24.0133130085
9.20559108473,15.0756414076
1.36028848536,7.63511151596
1.44500638594,6.78642740716
0.701636611482,2.65192084401
3.8642894165,12.0389488175
8.76185090284,15.3415962156
0.799173496857,25.4412021171
3.10607070472,11.099094853
4.60900184045,17.0711971113
1.54602840064,8.06505602837
0.991361922379,28.2465306715
1.39775491661,7.81147036198
0.328119055136,25.2283291335
2.08650636237,7.95915659443
1.34449582923,23.7459215884
1.217613181,6.43184044864
1.25350251921,37.1001853583
1.18248851301,32.4574056699
1.53092438084,22.1916060766
1.69084623404,20.802760119
0.434206812313,37.6562789504
1.03627275468,27.4038595049
1.80847584227,6.77852788438
1.28142482145,28.2225006333
1.41872227293,22.7610026181
3.85764845455,18.1416028864
1.28109159977,28.5846840475
3.66583949768,18.7667303999
2.04289631343,8.24925037864
0.877149478647,25.1456464766
5.70983866104,16.7326701383
2.09450263446,8.74887543032
1.88887549476,23.4021920357
1.83162365873,9.60829755456
2.47589814511,11.631091642
0.756384006528,34.4991103827
1.24346427025,25.7180202849
1.40791982148,7.51058955637
1.31225767733,37.6608879388
9.2847935603,15.058317081
1.00780411893,4.32031071654
6.61759397931,13.9459405587
0.633861499219,28.1108960877
2.06994536521,4.66327021105
1.54939259889,24.5622001564
1.69936779601,38.0945883389
1.34117286625,27.8944354216
0.750667248768,38.9397976868
7.63349389786,14.1052843766
2.88665786977,18.6536209714
1.22377138426,5.48483993505
5.60418579884,13.5000328652
0.757200140295,35.6401572151
1.02353674337,2.25558286904
3.77349710754,17.5275513661
1.06756590592,39.357792249
2.42120748092,8.66467832191
1.58265954551,21.7889079711
1.73237407293,24.2381044865
1.69052967104,26.0570102984
1.61471223652,3.20377240486
3.66368767445,17.368520929
1.25328193839,32.1351237129
1.75423936332,3.34559691947
3.03381563112,18.8940508311
1.61014356061,38.7400222251
1.75794118113,22.5932030441
1.5532088195,30.5007845258
8.39234488866,14.9955872426
0.951128066745,0.140611889977
1.00874461567,0.109744029771
1.47338399016,29.1981880116
1.81911563347,21.9937070608
1.62858320944,21.4485182898
1.53271700808,37.7212571597
1.12621422122,22.9995834441
1.22877898508,27.7254953391
2.75477456995,18.4798413258
0.92866514543,28.010294024
0.577932895644,2.34128850657
0.939795751281,31.3400516593
1.30679933494,4.34185161205
0.683130259873,34.2675623855
2.27469814881,19.3096660741
1.35340099374,29.5393286891
4.50213498073,13.0304018117
1.18518717667,36.4376721398
1.9651951908,6.57803244374
0.826837770657,25.4161739292
0.967025134634,0.362914073635
0.797147578905,28.2160106685
0.987457593651,30.9424045308
0.812438746924,4.04042875559
4.24322323804,17.7285231397
1.2734525596,37.7018618683
1.92194161075,10.0442901201
2.06808501021,19.7232114317
3.00121706484,18.2677275473
4.51514172098,17.0887856445
8.69516790126,15.3695805423
1.24235941052,29.4228145379
5.54616971636,16.5782828461
1.70346225428,5.70860642658
2.45507696013,10.2472042257
3.52347213855,12.2155561236
1.24643134465,24.7811549551
0.106403123837,37.5540671602
2.22480970526,20.8307951198
1.5753017279,4.98966302832
1.27452389827,3.68861658501
1.00772250083,26.5302623366
0.356584636548,38.4417894569
1.79934753554,39.4521557574
1.70138276342,39.8123991256
0.394714331055,24.7810715613
1.02047694312,36.5101194422
1.41241343955,24.7412308817
1.23112642517,25.8843962107
1.1486318696,37.1503051861
2.25498088077,8.62917664173
1.87095213021,7.1490549094
1.57244272891,30.4715190376
9.48138875946,15.2690430317
1.19780332773,36.0314165709
1.22089377566,23.7667300309
1.70348648869,39.0490647787
1.8378339975,4.82360960798
1.27717289151,7.43406770201
1.23213265755,4.90291050631
1.59287194792,32.891384595
1.76006273826,34.027688446
0.707239780615,36.5671977509
0.72589194685,24.6214998845
1.06819787976,24.3234170874
1.05648072669,34.7716736461
1.52749931264,4.29239992396
1.80302664722,0.382023494968
2.00107100678,8.28229132194
2.22237960531,21.6909851556
4.34653503165,12.7199086853
0.727176900213,30.4106071872
4.14801461688,17.8547648151
1.40989626442,7.59396014245
1.14194279611,6.19974095406
3.17485398024,11.6493178594
0.954933350172,35.1266886431
1.46704016262,24.4345449743
2.98843851579,18.4162623883
3.1678446972,19.0382554265
1.47679633098,34.8450345918
1.01006273502,37.6451412447
3.53116572857,17.8747415116
4.82514345197,17.3161441628
1.94040675082,6.74600307429
2.16276048245,29.2790652177
8.87511170677,14.9634231791
2.51667425313,23.2463372947
2.41455746367,9.73351679269
7.92998407407,15.7577630974
1.12650333879,35.2659666351
1.22994748814,38.3538502153
0.852675797469,34.5348782861
2.14578397842,20.5334338223
0.999854166809,21.531553198
1.85359229198,29.093756263
3.9019096198,17.5766823691
1.42694705134,29.6076988635
4.93575527671,13.0091972206
0.960863388195,31.8306490408
1.07070172319,32.2891773772
3.37848650875,17.8435759309
1.35759021741,3.47585345646
1.86243558918,24.492831557
1.96099131813,25.0338645455
1.52843516819,21.146439208
1.62993528124,21.6756707025
2.99133342003,10.2026319029
1.98097470169,7.80031146748
1.39905344544,5.16432691329
2.15130067672,21.243462532
1.22998688784,2.89030760315
1.6704543014,1.89067378569
8.22695356986,15.7366810017
0.194714296527,37.2395482458
1.03591643325,32.7164895954
0.510304774911,39.0901570499
0.584788942116,0.974722736675
3.35921031431,18.8740221547
1.56643134538,9.46666891608
4.20979314056,12.4219747341
1.11771418562,37.4978695733
3.57695164576,12.4174540297
1.57259684321,19.8002223117
1.92051358606,8.64400533166
0.556506349165,29.6422755882
1.50585837162,33.9806622304
1.20500634283,3.24819541711
1.51994460922,29.3855115151
1.09286580964,30.4989206085
1.07582755855,29.2112114117
2.93134637135,18.4214970795
1.44018153483,4.63878866273
1.02673029787,20.5996258655
2.02693428528,9.68297078346
1.57974308357,34.4954601205
1.5706355603,21.687896949
1.38689459648,37.8955208574
5.89128400058,16.4042809363
4.02748807543,12.03573978
1.25295691894,1.61270016628
0.925912910318,36.6769657927
0.837750967689,4.23569256296
2.73416590563,19.2777208117
9.84427827454,15.1831796775
2.7757828199,11.5922637977
2.14067712529,28.6056704749
3.1699464503,18.3238555142
1.25888130553,38.3463128111
1.29201765437,33.6304257464
6.84637614095,13.7101009083
8.45323689545,15.5222830748
1.22833492016,32.8702826409
1.78029064938,20.6551697676
0.871872933629,28.5164613826
1.79229559984,2.74875870976
8.94853693158,15.6037030833
1.58482048769,7.40423072174
0.484733303747,36.6024955686
8.92449666721,14.7520864062
1.23628619049,22.0841717638
1.56085297184,24.166001183
0.790819851842,28.8082512862
8.54354044637,15.0972824797
3.36595600288,17.569910113
1.73192801975,9.39921738046
1.05756586382,27.2069361332
1.39847183114,32.064677636
1.27896455606,33.8523640337
1.77860442848,9.06870995049
1.5122544752,28.5523613403
3.48665472495,11.7761690544
1.10332620302,38.6458862468
3.42385182728,12.2299899303
0.711200533474,32.3400215961
2.73166740176,19.4253172768
1.87406341131,9.26438893424
1.40560564395,26.6864667482
0.665394227869,28.4035592057
1.32390187031,4.18779724356
2.00626344128,8.31534425329
8.33107823972,14.1620295335
0.990391119481,34.545488762
9.20789438527,15.3981867776
0.870895772296,6.02803971083
1.58740298516,31.0907848307
4.44844537065,17.5942808694
3.6150927271,11.8523211829
1.9278448324,31.36933445
3.1196329294,18.5954789014
0.729246256477,34.8776033312
1.73688062723,24.9581365565
1.51275566394,23.9954469695
1.31025795164,32.130256345
2.778811274,11.1832817646
1.04486000125,34.7512110384
7.34364786408,15.8329293365
2.85572638952,10.6933110864
2.70036992009,18.9988788215
1.29165915595,4.74398718645
1.41645854352,29.039173081
1.32455954874,34.0800243124
1.8218624839,3.91396920689
2.71180606471,10.414127516
1.23223085435,37.0340823049
1.62251008172,22.7505526334
2.09572003456,21.5891945011
1.31218036199,7.81635806214
1.52947374729,39.4066946159
1.56483885759,23.8382293382
0.298043948995,35.9336738155
1.84872412082,7.15408614276
1.51271893577,23.5718709048
2.66249791406,11.1654669442
1.72438010054,6.02575479372
2.80433149573,11.9528515358
1.74054593814,29.9912991286
0.159985160289,32.5363694932
1.7772832481,0.590119554691
1.18989559544,8.00187026695
2.70581635158,20.2758039256
0.703772136719,30.028380351
1.21487480939,25.2064484839
1.08481300477,33.8128894295
1.51902531937,34.588288395
3.3333034689,12.4857180662
0.435749306872,32.3585634186
9.61283770722,14.3153961284
1.34957098991,20.9742766894
0.964083096282,2.77569277421
9.44698256958,15.2679002943
2.05835982707,23.2771454018
1.81526470474,19.691235221
1.79256368503,19.5900323095
0.966890905476,32.3864419108
3.96826208399,12.9308970155
3.62076164211,12.3681952243
0.646636087031,3.49813610655
1.72693386151,28.6429957413
1.48978621899,3.32116338837
2.50428020936,19.1783694366
10.7436948603,14.5448278709
1.53494989442,24.3046917131
1.57873632001,27.4943539145
1.63041442514,25.2578938891
0.696611860299,35.2058311181
1.03530091104,32.835695425
11.6411163729,14.4751309325
0.708638783786,1.89934622875
0.538129095574,31.6641605712
0.853782651513,33.3857273228
8.64923732155,14.9438449607
1.20752378503,31.848197475
0.72678371695,38.5575535468
2.16068374275,10.2145927602
1.20003455447,7.35542123963
1.96312424044,24.7010062908
1.60662056329,24.1917899365
5.06579164831,13.0676514191
10.0041764701,14.3519888062
0.256391579188,38.804860112
2.23777036898,10.1750136499
2.31182226296,21.9379060174
1.05433588508,37.9648768856
9.35380181557,15.4277192162
1.17930505461,29.8088119922
8.97330036802,14.8273893339
1.44510320362,4.21505038361
0.769122081712,38.9849311946
1.74751074398,21.2143467775
0.787254766853,38.375821275
0.780220365276,2.77197458107
1.31011654218,4.31947594663
1.3921265608,26.8686571808
0.943751909098,34.5920042516
1.59619994613,26.3608734051
1.29045547934,36.8297025669
0.903679599423,38.637250135
0.90906232473,5.55101392357
1.81939753063,32.2975100364
1.79890613503,9.43956914513
4.04739281665,17.4886079047
6.03815828092,16.3843888848
1.13264902106,25.76276327
1.16049077065,4.44005041905
1.63635186373,30.0722733113
1.32873310328,1.19795217844
0.529166544237,1.01802831825
3.26298146411,9.39443482432
0.804100909385,0.0217869160028
1.60414604068,8.63824028671
5.3483738497,16.6008453551
0.540630772017,31.8920215462
1.81938827621,22.4354306939
5.0718303351,16.4883037707
0.413234230772,27.4313992275
0.963747470547,31.1777171992
0.988073397367,37.1528366531
0.482357159115,2.57007213564
0.637189420545,34.6869005559
1.44788905257,36.6995192627
1.56255236533,37.5225854128
0.972706490472,34.6466750849
1.12035850656,33.8022933573
3.44500267978,18.2402804696
1.18841518577,28.6881463465
2.80470928506,11.6860109441
0.958507820346,39.1012959772
0.523813821605,25.6964855368
0.797713352283,33.7953714947
5.47407423928,13.4745833858
2.37545335038,11.3802393262
0.930837707907,3.62275174676
0.32474382267,37.9560014739
2.47759594358,10.3940071694
3.06602652096,10.8388429741
0.979702017832,31.4047772657
2.24169392795,7.9112512608
6.11731854263,16.2654729014
0.47774976632,37.1653966308
4.54987438421,12.6616376463
2.11362179843,36.1972135956
2.27229294805,21.0275246272
0.933078637715,30.5032153363
1.35184782012,36.7107461503
1.00367591577,35.2293507123
0.51676493551,38.2158236904
1.10745027005,28.2439787191
1.5868611844,34.7507439411
0.81541501126,38.7268335413
6.25882662221,13.6439652145
1.73647826882,29.1448735145
1.84651776217,24.3202335115
2.64658104784,18.0344542898
9.61879179989,14.3105995877
3.18654280449,11.0335695203
1.32166236951,2.51018706179
0.928489094624,34.9326504821
1.87875806395,27.0812336936
5.03142348978,17.0178570279
3.5169129097,17.9852513179
0.795443175649,32.869022459
2.18981389055,8.12691361595
8.84573947902,15.4725070796
1.46219889251,30.8258422092
8.64581791831,15.4396998252
6.23396208523,13.7454869657
1.41839901745,32.150594048
1.57877190235,31.217633154
2.39099059647,11.0136342399
1.81677557839,34.0573487424
1.28177095864,1.79621915663
1.94324413974,2.54861778215
1.51453066195,31.3325619316
2.44837565573,18.9388139795
1.16802245121,32.5471696428
1.04163712942,2.18509574561
1.07634346364,27.8033620418
2.80770294223,11.9675289707
2.31552063694,11.2126356851
0.895729915643,26.7486996772
1.14183901007,36.9931831078
2.34200016683,10.2400937757
1.57023237496,33.6460497821
3.86003524779,17.6678169291
0.81975318409,34.7086480321
3.42785978254,12.0001772611
1.18837736129,21.6704162483
9.85067870283,14.5972628637
0.423666619873,1.87359666204
2.44726961209,22.0763960668
1.16695549507,25.8842363147
0.324733999856,27.7762812757
0.873063283736,29.8136120814
0.0455161821339,32.4300803411
2.67906368145,18.5609519787
1.3933956045,32.5691217622
2.01757257047,21.059929712
2.32626216119,10.3391649064
0.46337205786,39.6286899576
3.47926040392,12.2100371864
1.08156888872,36.0864646475
0.850425680521,33.1474533954
1.53860667286,7.45092761417
1.76998410812,26.8297948984
1.69532526102,20.7534931559
1.46516376351,22.8160071126
0.750914425209,30.7515010501
1.69009208737,29.5800039886
2.59370068843,19.8870717194
1.27253887182,3.84225066977
1.85404302728,1.09953385261
1.33169200554,25.0251151086
1.04666307636,31.8014677195
1.36851613012,4.0671435692
7.19386568912,15.8981335806
5.60710684292,13.7509270499
8.82690230495,15.3145527963
0.628105111857,33.563371913
0.749720099912,7.71431476674
0.993740112494,36.8293589055
1.14130396088,2.10373846657
5.74799211236,16.5761864858
0.773384682683,39.7939381424
0.416707262698,26.7145120354
3.45233014194,17.6968393306
0.89985164911,5.61444386529
1.52633212964,21.6223240128
1.95847684152,27.5951517537
2.95548202048,18.3682742173
2.01057947286,20.8010716087
1.59847277067,3.02972543232
1.97719694044,19.7728768989
1.57031622954,4.58997813729
0.910884650384,36.2446662065
0.610995417025,37.284063132
2.28013197354,22.9235646179
1.56507115436,2.39948252394
10.0862029136,14.886856953
1.24924989357,8.50493854065
2.98926917606,18.2756916033
1.66952284738,8.44971148043
0.933841041044,0.00288555624073
2.03468324046,8.41867491257
5.19219549543,16.816017616
1.07860954788,25.7904986942
1.51449706072,24.9801786827
1.99158665368,22.5757006462
2.26074519038,21.7356153144
0.486013982775,34.7534079125
1.24104188206,34.96392938
4.42186355677,16.7499041514
1.53086554213,28.6141042242
1.65871895272,24.6880760129
1.91541349669,10.2855346296
2.30586744679,8.22323015265
1.41088653539,34.2979094935
0.90362006734,37.8378652521
1.50477749066,29.9076665756
0.80153989798,34.9647585063
1.7511140955,19.9388358518
1.16241279558,1.27437614789
0.674490287726,38.5841457094
2.5552009411,11.321389934
1.78779733533,5.62665628223
3.78951700983,17.9458073675
0.947173027773,39.9857402223
3.17071344637,11.9824687806
0.898742627927,26.0095997005
0.694780489022,26.446962765
1.88816504863,21.7817756171
1.12354482579,28.1333517407
1.57385287333,32.4141142374
1.66244495969,10.5502906267
1.37950666805,24.615131657
0.586893966001,25.1984241807
1.05458741085,24.6236934524
1.02240954412,24.1778501382
8.61845250545,15.5131048574
1.02392601575,26.9396524312
1.35901634009,4.91738686264
1.02258473199,31.1082391527
1.90750023149,9.36397898834
0.640580036617,39.1175813798
4.65023114353,16.9899392086
1.38873369064,1.59176610099
1.87701129315,11.1292789394
1.29984370929,2.21735504767
1.15170997287,38.5739882295
1.86848279784,20.7908179152
1.36027012572,5.96881274151
